/*!40101 SET @OLD_CHARACTER_SET_CLIENT=@@CHARACTER_SET_CLIENT */;
/*!40101 SET NAMES utf8 */;
/*!50503 SET NAMES utf8mb4 */;
/*!40014 SET @OLD_FOREIGN_KEY_CHECKS=@@FOREIGN_KEY_CHECKS, FOREIGN_KEY_CHECKS=0 */;
/*!40101 SET @OLD_SQL_MODE=@@SQL_MODE, SQL_MODE='NO_AUTO_VALUE_ON_ZERO' */;

DROP DATABASE IF EXISTS `sv2016201747`;
CREATE DATABASE IF NOT EXISTS `sv2016201747` /*!40100 DEFAULT CHARACTER SET utf32 COLLATE utf32_unicode_ci */ /*!80016 DEFAULT ENCRYPTION='N' */;
USE `sv2016201747`;

DROP TABLE IF EXISTS `administrator`;
CREATE TABLE IF NOT EXISTS `administrator` (
  `administrator_id` int unsigned NOT NULL AUTO_INCREMENT,
  `username` varchar(32) NOT NULL,
  `password_hash` varchar(128) NOT NULL,
  PRIMARY KEY (`administrator_id`),
  UNIQUE KEY `uq_administrator_username` (`username`)
) ENGINE=InnoDB AUTO_INCREMENT=42 DEFAULT CHARSET=latin1;

DELETE FROM `administrator`;
/*!40000 ALTER TABLE `administrator` DISABLE KEYS */;
INSERT INTO `administrator` (`administrator_id`, `username`, `password_hash`) VALUES
	(1, 'stefan', '6E782182E95042C55622D2EE7D42373B0C7164EF9A82B40D8D1DD1BC0D61324EFB3FB05E526B8E32B434A65C578EEC6157E67A95FE858FC4E76A566E3110EB0D'),
	(2, 'marko', 'marko'),
	(3, 'iilic', '41706B2FC7C3D9D8A31AFF5EDF087B96278B765A0C69A1C1E36C6D1391F3D5A59314EB6250152D1FC7E3E035923E2C909C7CA2E9273679701B7A1CBA2C571D9D'),
	(21, 'petrovic', '41706B2FC7C3D9D8A31AFF5EDF087B96278B765A0C69A1C1E36C6D1391F3D5A59314EB6250152D1FC7E3E035923E2C909C7CA2E9273679701B7A1CBA2C571D9D'),
	(22, 'cpetrovic', '41706B2FC7C3D9D8A31AFF5EDF087B96278B765A0C69A1C1E36C6D1391F3D5A59314EB6250152D1FC7E3E035923E2C909C7CA2E9273679701B7A1CBA2C571D9D'),
	(23, 'lpetrovic', '41706B2FC7C3D9D8A31AFF5EDF087B96278B765A0C69A1C1E36C6D1391F3D5A59314EB6250152D1FC7E3E035923E2C909C7CA2E9273679701B7A1CBA2C571D9D'),
	(24, 'wdatrovic', '41706B2FC7C3D9D8A31AFF5EDF087B96278B765A0C69A1C1E36C6D1391F3D5A59314EB6250152D1FC7E3E035923E2C909C7CA2E9273679701B7A1CBA2C571D9D'),
	(25, 'dwaovic', '41706B2FC7C3D9D8A31AFF5EDF087B96278B765A0C69A1C1E36C6D1391F3D5A59314EB6250152D1FC7E3E035923E2C909C7CA2E9273679701B7A1CBA2C571D9D'),
	(26, 'dfsdfsd', '41706B2FC7C3D9D8A31AFF5EDF087B96278B765A0C69A1C1E36C6D1391F3D5A59314EB6250152D1FC7E3E035923E2C909C7CA2E9273679701B7A1CBA2C571D9D'),
	(30, 'StefanV', '0F69C2C8363FC30CA41A600EE4612872A67C67F6ED2A699DE2C43CA7DF34AB22A302526B311FF151BA3001FC9230E6AC592F66DC1D70F631BD0ED82D7C9732B0'),
	(31, 'admin', 'C7AD44CBAD762A5DA0A452F9E854FDC1E0E7A52A38015F23F3EAB1D80B931DD472634DFAC71CD34EBC35D16AB7FB8A90C81F975113D6C7538DC69DD8DE9077EC'),
	(32, 'wdawdawd', '0F69C2C8363FC30CA41A600EE4612872A67C67F6ED2A699DE2C43CA7DF34AB22A302526B311FF151BA3001FC9230E6AC592F66DC1D70F631BD0ED82D7C9732B0'),
	(33, 'StefanVucanVucanTest', '0F69C2C8363FC30CA41A600EE4612872A67C67F6ED2A699DE2C43CA7DF34AB22A302526B311FF151BA3001FC9230E6AC592F66DC1D70F631BD0ED82D7C9732B0'),
	(36, 'wadwadwas', '97160E68CB0287170C206515CA633F88AF948DD23A9B5B355763166CBA6E6EA37ADCEE77A5F288B5550567F0B52FA5BB919E7D6FEE44F6A8951716975814AEC8'),
	(38, 'admin123', '7FCF4BA391C48784EDDE599889D6E3F1E47A27DB36ECC050CC92F259BFAC38AFAD2C68A1AE804D77075E8FB722503F3ECA2B2C1006EE6F6C7B7628CB45FFFD1D'),
	(39, 'tester123', 'F97D431768C8831C2E8D94EC986AE4693CF0CBE3377548A87269BD456994575A0DC9080FF8E3480218B9AF1C856E019F4B89072D0DCD4A597B2B790643833F99'),
	(40, 'wdadwa', '8FE8848EC3DAF134FBC6CFA4B19B65AD7BDABD433831F16EC7E642FF218D2AA579AECDF701B97CC473E61B1B051984199D8395EBAEAFAADEE9FB2CDE16C604A6');
/*!40000 ALTER TABLE `administrator` ENABLE KEYS */;

DROP TABLE IF EXISTS `category`;
CREATE TABLE IF NOT EXISTS `category` (
  `category_id` int unsigned NOT NULL AUTO_INCREMENT,
  `image_path` varchar(128) NOT NULL,
  `name` varchar(32) NOT NULL,
  `parent_category_id` int unsigned DEFAULT NULL,
  PRIMARY KEY (`category_id`),
  UNIQUE KEY `uq_category_mage_path` (`image_path`),
  UNIQUE KEY `uq_category_name` (`name`),
  KEY `fk_category_parent_category_id` (`parent_category_id`),
  CONSTRAINT `fk_category_parent_category_id` FOREIGN KEY (`parent_category_id`) REFERENCES `category` (`category_id`) ON UPDATE CASCADE
) ENGINE=InnoDB AUTO_INCREMENT=11 DEFAULT CHARSET=latin1;

DELETE FROM `category`;
/*!40000 ALTER TABLE `category` DISABLE KEYS */;
INSERT INTO `category` (`category_id`, `image_path`, `name`, `parent_category_id`) VALUES
	(1, 'imgur.com', 'Kuvana jela', 10),
	(2, 'https://coolinarika.azureedge.net/images/_variations/9/c/9c924e010ccaed50415e25c96877bb39_view_l.jpg?v=0', 'CategoryTest', 1),
	(4, 'desktop/asd.jpg', 'CatCat', 2),
	(5, 'desktop/dsads.jpg', 'EditTest', 4),
	(6, 'desktop/dasdass.jpg', 'Deserti', 10),
	(7, 'sawdwad', '7dawdawdwa', 8),
	(8, 'testestest', 'testest', NULL),
	(9, 'addcattest.jpg', 'AddCategoryTest', 5),
	(10, 'asd.jpg', 'Jela', NULL);
/*!40000 ALTER TABLE `category` ENABLE KEYS */;

DROP TABLE IF EXISTS `ingredients`;
CREATE TABLE IF NOT EXISTS `ingredients` (
  `ingredient_id` int unsigned NOT NULL AUTO_INCREMENT,
  `name` varchar(128) CHARACTER SET latin1 COLLATE latin1_swedish_ci NOT NULL,
  `category_id` int unsigned DEFAULT NULL,
  PRIMARY KEY (`ingredient_id`),
  UNIQUE KEY `uq_ingredients_category_id_name` (`name`,`category_id`) USING BTREE,
  KEY `FK_ingredients_category` (`category_id`),
  CONSTRAINT `FK_ingredients_category` FOREIGN KEY (`category_id`) REFERENCES `category` (`category_id`) ON UPDATE CASCADE
) ENGINE=InnoDB AUTO_INCREMENT=28 DEFAULT CHARSET=latin1;

DELETE FROM `ingredients`;
/*!40000 ALTER TABLE `ingredients` DISABLE KEYS */;
INSERT INTO `ingredients` (`ingredient_id`, `name`, `category_id`) VALUES
	(21, 'Aleva paprika', 1),
	(2, 'Apple', 5),
	(1, 'Carrot', 5),
	(6, 'Celery', 4),
	(3, 'Chicken', 4),
	(5, 'Garlic', NULL),
	(16, 'Junetina', 1),
	(14, 'Junetina', 2),
	(24, 'Kafa', 6),
	(20, 'Kobasice', 1),
	(9, 'Kore', 6),
	(7, 'Krastavac', NULL),
	(23, 'Krompir', 1),
	(12, 'Kupus', 1),
	(11, 'Luk', 1),
	(25, 'Maskarpone sir', 6),
	(13, 'Mleveno meso', 1),
	(10, 'NewIngr', 1),
	(4, 'Onion', NULL),
	(26, 'Orasi', 6),
	(19, 'Pasulj', 1),
	(22, 'Piletina', 1),
	(8, 'Piskote', 6),
	(18, 'Sargarepa', 1),
	(15, 'Sargarepa', 2),
	(27, 'Sirup', 6);
/*!40000 ALTER TABLE `ingredients` ENABLE KEYS */;

DROP TABLE IF EXISTS `recipe`;
CREATE TABLE IF NOT EXISTS `recipe` (
  `recipe_id` int unsigned NOT NULL AUTO_INCREMENT,
  `name` varchar(128) NOT NULL,
  `category_id` int unsigned NOT NULL,
  `administrator_id` int unsigned NOT NULL,
  `created_at` timestamp NOT NULL DEFAULT CURRENT_TIMESTAMP,
  `instructions` varchar(255) CHARACTER SET latin1 COLLATE latin1_swedish_ci NOT NULL DEFAULT '',
  PRIMARY KEY (`recipe_id`),
  KEY `fk_recipe_category_id` (`category_id`),
  KEY `fk_recipe_administrator_id` (`administrator_id`),
  CONSTRAINT `fk_recipe_administrator_id` FOREIGN KEY (`administrator_id`) REFERENCES `administrator` (`administrator_id`) ON UPDATE CASCADE,
  CONSTRAINT `fk_recipe_category_id` FOREIGN KEY (`category_id`) REFERENCES `category` (`category_id`) ON UPDATE CASCADE
) ENGINE=InnoDB AUTO_INCREMENT=14 DEFAULT CHARSET=latin1;

DELETE FROM `recipe`;
/*!40000 ALTER TABLE `recipe` DISABLE KEYS */;
INSERT INTO `recipe` (`recipe_id`, `name`, `category_id`, `administrator_id`, `created_at`, `instructions`) VALUES
	(1, 'Sarma', 1, 1, '2020-08-24 21:43:55', 'Izdinstati luk seckan na kockice, dodati mu sitno seckan beli luk i sargarepicu, prodinstati jos malo.\nDodati sitno seckanu slaninicu da se malo proprzi.\n'),
	(2, 'Gulas', 1, 1, '2020-08-25 21:54:24', 'Oljustite crni luk i sitno ga naseckajte. Meso narezite na kockice. Na zagrejanom ulju przite luk dok ne postakli i dobije tamno zutu boju, pa dolijte vode ( ca 300 ml ) i ostavite da se dinsta na srednjoj temperaturi ca 20 minuta.\n'),
	(5, 'Tiramisu', 6, 1, '2020-08-25 22:00:07', 'Template instruction Template instruction Template instruction Template instruction Template instruction'),
	(9, 'Baklava', 6, 1, '2020-09-14 19:17:25', 'Baklava se ovako priprema'),
	(10, 'Paprikas', 1, 1, '2020-09-17 13:15:57', 'Na zagrejanom ulju ili masti proprziti sitno iseckan crni luk, dodati na kolutove isecenu sargarenu, isecenu papriku, meso, posoliti po ukusu, i dinstati uz povremeno dolivanje vode'),
	(11, 'AddRecipeTest', 2, 1, '2020-09-17 13:16:27', 'Instructions Instructions Instructions Instructions Instructions Instructions Instructions Instructions Instructions Instructions Instructions Instructions Instructions Instructions Instructions Instructions Instructions Instructions '),
	(12, 'awdwadaw', 2, 1, '2020-09-17 13:17:25', 'Instructions Instructions Instructions Instructions Instructions Instructions Instructions Instructions Instructions Instructions Instructions Instructions Instructions Instructions Instructions Instructions Instructions Instructions '),
	(13, 'Pasulj', 1, 1, '2020-09-17 13:23:21', 'Staviti u serpu kobasice, luk, sargarepu i pasulj i kuvati dok ne bude gotovo.');
/*!40000 ALTER TABLE `recipe` ENABLE KEYS */;

DROP TABLE IF EXISTS `recipe_image`;
CREATE TABLE IF NOT EXISTS `recipe_image` (
  `img_id` int unsigned NOT NULL AUTO_INCREMENT,
  `recipe_id` int unsigned NOT NULL,
  `image_path` varchar(128) NOT NULL,
  PRIMARY KEY (`img_id`),
  UNIQUE KEY `uq_recipe_image_image_path` (`image_path`),
  KEY `fk_recipe_image_recipe_id` (`recipe_id`),
  CONSTRAINT `fk_recipe_image_recipe_id` FOREIGN KEY (`recipe_id`) REFERENCES `recipe` (`recipe_id`) ON UPDATE CASCADE
) ENGINE=InnoDB AUTO_INCREMENT=29 DEFAULT CHARSET=latin1;

DELETE FROM `recipe_image`;
/*!40000 ALTER TABLE `recipe_image` DISABLE KEYS */;
INSERT INTO `recipe_image` (`img_id`, `recipe_id`, `image_path`) VALUES
	(18, 5, '2020913-5711932736-sarma.jpg'),
	(19, 2, '2020916-3433372865-gulas.jpg'),
	(20, 9, '2020916-9692480377-baklava-blog-2-500x500.jpg'),
	(22, 11, '2020917-4333665575-gulas.jpg'),
	(23, 12, '2020917-9689957586-baklava-blog-2-500x500.jpg'),
	(24, 13, '2020917-5562444367-baklava-blog-2-500x500.jpg'),
	(26, 1, '2020917-0675960855-sarma.jpg'),
	(28, 10, '2020917-6525452328-paprikas.jpg');
/*!40000 ALTER TABLE `recipe_image` ENABLE KEYS */;

DROP TABLE IF EXISTS `recipe_ingredient`;
CREATE TABLE IF NOT EXISTS `recipe_ingredient` (
  `recipe_ingredient_id` int unsigned NOT NULL AUTO_INCREMENT,
  `recipe_id` int unsigned NOT NULL,
  `ingredient_id` int unsigned NOT NULL,
  `amount` varchar(255) NOT NULL DEFAULT '',
  PRIMARY KEY (`recipe_ingredient_id`),
  KEY `fk_recipe_ingredient_recipe_id` (`recipe_id`),
  KEY `fk_recipe_ingredient_ingredient_id` (`ingredient_id`),
  CONSTRAINT `fk_recipe_ingredient_ingredient_id` FOREIGN KEY (`ingredient_id`) REFERENCES `ingredients` (`ingredient_id`) ON UPDATE CASCADE,
  CONSTRAINT `fk_recipe_ingredient_recipe_id` FOREIGN KEY (`recipe_id`) REFERENCES `recipe` (`recipe_id`) ON UPDATE CASCADE
) ENGINE=InnoDB AUTO_INCREMENT=38 DEFAULT CHARSET=latin1;

DELETE FROM `recipe_ingredient`;
/*!40000 ALTER TABLE `recipe_ingredient` DISABLE KEYS */;
INSERT INTO `recipe_ingredient` (`recipe_ingredient_id`, `recipe_id`, `ingredient_id`, `amount`) VALUES
	(22, 11, 3, '3'),
	(33, 1, 11, '2 glavice'),
	(34, 2, 11, '1 glavica'),
	(35, 10, 18, '1 komad'),
	(36, 13, 11, '2 srednja'),
	(37, 9, 9, '1 pakovanje ');
/*!40000 ALTER TABLE `recipe_ingredient` ENABLE KEYS */;

DROP TABLE IF EXISTS `user_token`;
CREATE TABLE IF NOT EXISTS `user_token` (
  `user_token_id` int unsigned NOT NULL AUTO_INCREMENT,
  `user_id` int unsigned NOT NULL,
  `created_at` timestamp NOT NULL DEFAULT CURRENT_TIMESTAMP,
  `token` text NOT NULL,
  `expires_at` datetime DEFAULT NULL,
  `is_valid` tinyint unsigned NOT NULL DEFAULT '1',
  PRIMARY KEY (`user_token_id`),
  KEY `fk_user_token_administrator_id` (`user_id`),
  CONSTRAINT `fk_user_token_administrator_id` FOREIGN KEY (`user_id`) REFERENCES `administrator` (`administrator_id`)
) ENGINE=InnoDB AUTO_INCREMENT=73 DEFAULT CHARSET=utf8mb4 COLLATE=utf8mb4_0900_ai_ci;

DELETE FROM `user_token`;
/*!40000 ALTER TABLE `user_token` DISABLE KEYS */;
INSERT INTO `user_token` (`user_token_id`, `user_id`, `created_at`, `token`, `expires_at`, `is_valid`) VALUES
	(15, 31, '2020-09-02 13:18:16', 'eyJhbGciOiJIUzI1NiIsInR5cCI6IkpXVCJ9.eyJhZG1pbmlzdHJhdG9ySWQiOjMxLCJ1c2VybmFtZSI6ImFkbWluIiwiZXhwIjoxNjAxNzIzODk2LjE3NCwiaXAiOiI6OjEiLCJ1YSI6IlBvc3RtYW5SdW50aW1lLzcuMjYuMyIsImlhdCI6MTU5OTA0NTQ5Nn0.Dkxm4VJq8mZt3Plp-gMf-w1U1l5TZsWSlntpL5mWWRk', '2020-10-03 11:18:16', 1),
	(16, 31, '2020-09-03 13:58:54', 'eyJhbGciOiJIUzI1NiIsInR5cCI6IkpXVCJ9.eyJhZG1pbmlzdHJhdG9ySWQiOjMxLCJ1c2VybmFtZSI6ImFkbWluIiwiZXhwIjoxNjAxODEyNzM0LjI2MSwiaXAiOiI6OjEiLCJ1YSI6IlBvc3RtYW5SdW50aW1lLzcuMjYuMyIsImlhdCI6MTU5OTEzNDMzNH0.etke4rvrOREGtHRQro1rsaDszBEHNykGTFBwyTUDKuc', '2020-10-04 11:58:54', 1),
	(17, 31, '2020-09-03 16:20:21', 'eyJhbGciOiJIUzI1NiIsInR5cCI6IkpXVCJ9.eyJhZG1pbmlzdHJhdG9ySWQiOjMxLCJ1c2VybmFtZSI6ImFkbWluIiwiZXhwIjoxNjAxODIxMjIxLjc5MywiaXAiOiI6OjEiLCJ1YSI6IlBvc3RtYW5SdW50aW1lLzcuMjYuMyIsImlhdCI6MTU5OTE0MjgyMX0.LeTX7pPrBGdbvxg9D19ZG8nnPX5Wc-sFcnDLRx888s0', '2020-10-04 14:20:21', 1),
	(18, 31, '2020-09-15 17:45:43', 'eyJhbGciOiJIUzI1NiIsInR5cCI6IkpXVCJ9.eyJhZG1pbmlzdHJhdG9ySWQiOjMxLCJ1c2VybmFtZSI6ImFkbWluIiwiZXhwIjoxNjAyODYzMTQzLjgxOCwiaXAiOiI6OjEiLCJ1YSI6IlBvc3RtYW5SdW50aW1lLzcuMjYuNSIsImlhdCI6MTYwMDE4NDc0M30.Amf17xOemQmrH4-kFG-rxqygCDIqdXjz594FCyklv80', '2020-10-16 15:45:43', 1),
	(19, 31, '2020-09-15 17:50:31', 'eyJhbGciOiJIUzI1NiIsInR5cCI6IkpXVCJ9.eyJhZG1pbmlzdHJhdG9ySWQiOjMxLCJ1c2VybmFtZSI6ImFkbWluIiwiZXhwIjoxNjAyODYzNDMxLjc4NCwiaXAiOiI6OjEiLCJ1YSI6IlBvc3RtYW5SdW50aW1lLzcuMjYuNSIsImlhdCI6MTYwMDE4NTAzMX0.8cOqtMdoh9rgroTvjhtZwL2jCYL-TNjOoGw3clJ_O1g', '2020-10-16 15:50:31', 1),
	(20, 31, '2020-09-15 18:24:07', 'eyJhbGciOiJIUzI1NiIsInR5cCI6IkpXVCJ9.eyJhZG1pbmlzdHJhdG9ySWQiOjMxLCJ1c2VybmFtZSI6ImFkbWluIiwiZXhwIjoxNjAyODY1NDQ3LjI2LCJpcCI6Ijo6MSIsInVhIjoiUG9zdG1hblJ1bnRpbWUvNy4yNi41IiwiaWF0IjoxNjAwMTg3MDQ3fQ.WlJpmyogEV3o3SzHaZzpBgJPzLOkmE2VwJ56aQTxBGY', '2020-10-16 16:24:07', 1),
	(21, 31, '2020-09-15 18:47:16', 'eyJhbGciOiJIUzI1NiIsInR5cCI6IkpXVCJ9.eyJhZG1pbmlzdHJhdG9ySWQiOjMxLCJ1c2VybmFtZSI6ImFkbWluIiwiZXhwIjoxNjAyODY2ODM2LjYzNiwiaXAiOiI6OjEiLCJ1YSI6IlBvc3RtYW5SdW50aW1lLzcuMjYuNSIsImlhdCI6MTYwMDE4ODQzNn0.5M10XMl1NRPnmRw8l7K4gwatG85ZVWpERLBXnyfISak', '2020-10-16 16:47:16', 1),
	(22, 31, '2020-09-15 19:05:49', 'eyJhbGciOiJIUzI1NiIsInR5cCI6IkpXVCJ9.eyJhZG1pbmlzdHJhdG9ySWQiOjMxLCJ1c2VybmFtZSI6ImFkbWluIiwiZXhwIjoxNjAyODY3OTQ5LjMsImlwIjoiOjoxIiwidWEiOiJNb3ppbGxhLzUuMCAoV2luZG93cyBOVCAxMC4wOyBXaW42NDsgeDY0KSBBcHBsZVdlYktpdC81MzcuMzYgKEtIVE1MLCBsaWtlIEdlY2tvKSBDaHJvbWUvODUuMC40MTgzLjEwMiBTYWZhcmkvNTM3LjM2IiwiaWF0IjoxNjAwMTg5NTQ5fQ.Y7UpYXAapY2I6k7RsaJTqMcJWM1vmz6cwX-sZuClRDI', '2020-10-16 17:05:49', 1),
	(23, 31, '2020-09-15 19:06:56', 'eyJhbGciOiJIUzI1NiIsInR5cCI6IkpXVCJ9.eyJhZG1pbmlzdHJhdG9ySWQiOjMxLCJ1c2VybmFtZSI6ImFkbWluIiwiZXhwIjoxNjAyODY4MDE2LjkzMiwiaXAiOiI6OjEiLCJ1YSI6Ik1vemlsbGEvNS4wIChXaW5kb3dzIE5UIDEwLjA7IFdpbjY0OyB4NjQpIEFwcGxlV2ViS2l0LzUzNy4zNiAoS0hUTUwsIGxpa2UgR2Vja28pIENocm9tZS84NS4wLjQxODMuMTAyIFNhZmFyaS81MzcuMzYiLCJpYXQiOjE2MDAxODk2MTZ9.WCJRXMaMrezwMyo570paxkW1SaMsPQ3DbSvvOJX3e5Y', '2020-10-16 17:06:56', 1),
	(24, 31, '2020-09-15 21:13:05', 'eyJhbGciOiJIUzI1NiIsInR5cCI6IkpXVCJ9.eyJhZG1pbmlzdHJhdG9ySWQiOjMxLCJ1c2VybmFtZSI6ImFkbWluIiwiZXhwIjoxNjAyODc1NTg1Ljc1MiwiaXAiOiI6OjEiLCJ1YSI6Ik1vemlsbGEvNS4wIChXaW5kb3dzIE5UIDEwLjA7IFdpbjY0OyB4NjQpIEFwcGxlV2ViS2l0LzUzNy4zNiAoS0hUTUwsIGxpa2UgR2Vja28pIENocm9tZS84NS4wLjQxODMuMTAyIFNhZmFyaS81MzcuMzYiLCJpYXQiOjE2MDAxOTcxODV9.-KLA4vUCKvbiDOPFbyic0rt_r4uFCIGNC4SWQQ-Bsaw', '2020-10-16 19:13:05', 1),
	(25, 31, '2020-09-15 21:21:26', 'eyJhbGciOiJIUzI1NiIsInR5cCI6IkpXVCJ9.eyJhZG1pbmlzdHJhdG9ySWQiOjMxLCJ1c2VybmFtZSI6ImFkbWluIiwiZXhwIjoxNjAyODc2MDg2LjA0MywiaXAiOiI6OjEiLCJ1YSI6Ik1vemlsbGEvNS4wIChXaW5kb3dzIE5UIDEwLjA7IFdpbjY0OyB4NjQpIEFwcGxlV2ViS2l0LzUzNy4zNiAoS0hUTUwsIGxpa2UgR2Vja28pIENocm9tZS84NS4wLjQxODMuMTAyIFNhZmFyaS81MzcuMzYiLCJpYXQiOjE2MDAxOTc2ODZ9.jSzooX8wRwPvEHZMm1JAaKwzCIfi6BgyEezbOAZH578', '2020-10-16 19:21:26', 1),
	(26, 31, '2020-09-15 21:22:31', 'eyJhbGciOiJIUzI1NiIsInR5cCI6IkpXVCJ9.eyJhZG1pbmlzdHJhdG9ySWQiOjMxLCJ1c2VybmFtZSI6ImFkbWluIiwiZXhwIjoxNjAyODc2MTUxLjcwNCwiaXAiOiI6OjEiLCJ1YSI6Ik1vemlsbGEvNS4wIChXaW5kb3dzIE5UIDEwLjA7IFdpbjY0OyB4NjQpIEFwcGxlV2ViS2l0LzUzNy4zNiAoS0hUTUwsIGxpa2UgR2Vja28pIENocm9tZS84NS4wLjQxODMuMTAyIFNhZmFyaS81MzcuMzYiLCJpYXQiOjE2MDAxOTc3NTF9.SGawoBgQi0-UoXTw_7nzyvTlFl_tesyouHDOEsSvvcc', '2020-10-16 19:22:31', 1),
	(27, 31, '2020-09-15 21:25:46', 'eyJhbGciOiJIUzI1NiIsInR5cCI6IkpXVCJ9.eyJhZG1pbmlzdHJhdG9ySWQiOjMxLCJ1c2VybmFtZSI6ImFkbWluIiwiZXhwIjoxNjAyODc2MzQ2LjM4MSwiaXAiOiI6OjEiLCJ1YSI6Ik1vemlsbGEvNS4wIChXaW5kb3dzIE5UIDEwLjA7IFdpbjY0OyB4NjQpIEFwcGxlV2ViS2l0LzUzNy4zNiAoS0hUTUwsIGxpa2UgR2Vja28pIENocm9tZS84NS4wLjQxODMuMTAyIFNhZmFyaS81MzcuMzYiLCJpYXQiOjE2MDAxOTc5NDZ9.faYPcLAGcJq6jfprnTca8aFGfFciRFiQbLnngAtmEIs', '2020-10-16 19:25:46', 1),
	(28, 31, '2020-09-15 21:29:37', 'eyJhbGciOiJIUzI1NiIsInR5cCI6IkpXVCJ9.eyJhZG1pbmlzdHJhdG9ySWQiOjMxLCJ1c2VybmFtZSI6ImFkbWluIiwiZXhwIjoxNjAyODc2NTc3LjYzNCwiaXAiOiI6OjEiLCJ1YSI6Ik1vemlsbGEvNS4wIChXaW5kb3dzIE5UIDEwLjA7IFdpbjY0OyB4NjQpIEFwcGxlV2ViS2l0LzUzNy4zNiAoS0hUTUwsIGxpa2UgR2Vja28pIENocm9tZS84NS4wLjQxODMuMTAyIFNhZmFyaS81MzcuMzYiLCJpYXQiOjE2MDAxOTgxNzd9.J8IGxC_8XzMDWrf1HTggienqh1Qm3Rg30Ovq45zu8r8', '2020-10-16 19:29:37', 1),
	(29, 31, '2020-09-15 21:30:52', 'eyJhbGciOiJIUzI1NiIsInR5cCI6IkpXVCJ9.eyJhZG1pbmlzdHJhdG9ySWQiOjMxLCJ1c2VybmFtZSI6ImFkbWluIiwiZXhwIjoxNjAyODc2NjUyLjI1OCwiaXAiOiI6OjEiLCJ1YSI6Ik1vemlsbGEvNS4wIChXaW5kb3dzIE5UIDEwLjA7IFdpbjY0OyB4NjQpIEFwcGxlV2ViS2l0LzUzNy4zNiAoS0hUTUwsIGxpa2UgR2Vja28pIENocm9tZS84NS4wLjQxODMuMTAyIFNhZmFyaS81MzcuMzYiLCJpYXQiOjE2MDAxOTgyNTJ9.RGcxcpzSpyxWq-WeCHNFSR0DiTX6_HpAJ3p5Tc8fS_s', '2020-10-16 19:30:52', 1),
	(30, 31, '2020-09-15 21:34:42', 'eyJhbGciOiJIUzI1NiIsInR5cCI6IkpXVCJ9.eyJhZG1pbmlzdHJhdG9ySWQiOjMxLCJ1c2VybmFtZSI6ImFkbWluIiwiZXhwIjoxNjAyODc2ODgyLjA1MywiaXAiOiI6OjEiLCJ1YSI6Ik1vemlsbGEvNS4wIChXaW5kb3dzIE5UIDEwLjA7IFdpbjY0OyB4NjQpIEFwcGxlV2ViS2l0LzUzNy4zNiAoS0hUTUwsIGxpa2UgR2Vja28pIENocm9tZS84NS4wLjQxODMuMTAyIFNhZmFyaS81MzcuMzYiLCJpYXQiOjE2MDAxOTg0ODJ9.x5s3FwdGecUb5OXpZBML2k-8uDMIgTtrzPHO_oW9Wx4', '2020-10-16 19:34:42', 1),
	(31, 31, '2020-09-15 21:36:10', 'eyJhbGciOiJIUzI1NiIsInR5cCI6IkpXVCJ9.eyJhZG1pbmlzdHJhdG9ySWQiOjMxLCJ1c2VybmFtZSI6ImFkbWluIiwiZXhwIjoxNjAyODc2OTcwLjMzNCwiaXAiOiI6OjEiLCJ1YSI6Ik1vemlsbGEvNS4wIChXaW5kb3dzIE5UIDEwLjA7IFdpbjY0OyB4NjQpIEFwcGxlV2ViS2l0LzUzNy4zNiAoS0hUTUwsIGxpa2UgR2Vja28pIENocm9tZS84NS4wLjQxODMuMTAyIFNhZmFyaS81MzcuMzYiLCJpYXQiOjE2MDAxOTg1NzB9.79LF_ioOlNJescLzBL_0CHnUEOWen0aRKoGAQ81OsxI', '2020-10-16 19:36:10', 1),
	(32, 31, '2020-09-15 21:46:38', 'eyJhbGciOiJIUzI1NiIsInR5cCI6IkpXVCJ9.eyJhZG1pbmlzdHJhdG9ySWQiOjMxLCJ1c2VybmFtZSI6ImFkbWluIiwiZXhwIjoxNjAyODc3NTk4LjE4NSwiaXAiOiI6OjEiLCJ1YSI6Ik1vemlsbGEvNS4wIChXaW5kb3dzIE5UIDEwLjA7IFdpbjY0OyB4NjQpIEFwcGxlV2ViS2l0LzUzNy4zNiAoS0hUTUwsIGxpa2UgR2Vja28pIENocm9tZS84NS4wLjQxODMuMTAyIFNhZmFyaS81MzcuMzYiLCJpYXQiOjE2MDAxOTkxOTh9.uD69iuQPgdhoYfGljAogm7Qe3g0eJP5uM0BtbP1acPo', '2020-10-16 19:46:38', 1),
	(33, 31, '2020-09-15 21:49:55', 'eyJhbGciOiJIUzI1NiIsInR5cCI6IkpXVCJ9.eyJhZG1pbmlzdHJhdG9ySWQiOjMxLCJ1c2VybmFtZSI6ImFkbWluIiwiZXhwIjoxNjAyODc3Nzk1Ljg3NCwiaXAiOiI6OjEiLCJ1YSI6Ik1vemlsbGEvNS4wIChXaW5kb3dzIE5UIDEwLjA7IFdpbjY0OyB4NjQpIEFwcGxlV2ViS2l0LzUzNy4zNiAoS0hUTUwsIGxpa2UgR2Vja28pIENocm9tZS84NS4wLjQxODMuMTAyIFNhZmFyaS81MzcuMzYiLCJpYXQiOjE2MDAxOTkzOTV9.XhHUVWX6oL5oJ7f3ebfJy5H4EhTJCGpztvg1fZnnNso', '2020-10-16 19:49:55', 1),
	(34, 31, '2020-09-15 21:50:22', 'eyJhbGciOiJIUzI1NiIsInR5cCI6IkpXVCJ9.eyJhZG1pbmlzdHJhdG9ySWQiOjMxLCJ1c2VybmFtZSI6ImFkbWluIiwiZXhwIjoxNjAyODc3ODIyLjMyMywiaXAiOiI6OjEiLCJ1YSI6Ik1vemlsbGEvNS4wIChXaW5kb3dzIE5UIDEwLjA7IFdpbjY0OyB4NjQpIEFwcGxlV2ViS2l0LzUzNy4zNiAoS0hUTUwsIGxpa2UgR2Vja28pIENocm9tZS84NS4wLjQxODMuMTAyIFNhZmFyaS81MzcuMzYiLCJpYXQiOjE2MDAxOTk0MjJ9.ZPjwppEDRMbZJGQPu2H-VwToe7j5PQvYrZzozx4CKAM', '2020-10-16 19:50:22', 1),
	(35, 31, '2020-09-15 21:50:58', 'eyJhbGciOiJIUzI1NiIsInR5cCI6IkpXVCJ9.eyJhZG1pbmlzdHJhdG9ySWQiOjMxLCJ1c2VybmFtZSI6ImFkbWluIiwiZXhwIjoxNjAyODc3ODU4LjgsImlwIjoiOjoxIiwidWEiOiJNb3ppbGxhLzUuMCAoV2luZG93cyBOVCAxMC4wOyBXaW42NDsgeDY0KSBBcHBsZVdlYktpdC81MzcuMzYgKEtIVE1MLCBsaWtlIEdlY2tvKSBDaHJvbWUvODUuMC40MTgzLjEwMiBTYWZhcmkvNTM3LjM2IiwiaWF0IjoxNjAwMTk5NDU4fQ.k3A7crySUpJHtVr9ejL9iykZB-002XGaeoKbIJSdAII', '2020-10-16 19:50:58', 1),
	(36, 31, '2020-09-15 21:51:23', 'eyJhbGciOiJIUzI1NiIsInR5cCI6IkpXVCJ9.eyJhZG1pbmlzdHJhdG9ySWQiOjMxLCJ1c2VybmFtZSI6ImFkbWluIiwiZXhwIjoxNjAyODc3ODgzLjAzMSwiaXAiOiI6OjEiLCJ1YSI6Ik1vemlsbGEvNS4wIChXaW5kb3dzIE5UIDEwLjA7IFdpbjY0OyB4NjQpIEFwcGxlV2ViS2l0LzUzNy4zNiAoS0hUTUwsIGxpa2UgR2Vja28pIENocm9tZS84NS4wLjQxODMuMTAyIFNhZmFyaS81MzcuMzYiLCJpYXQiOjE2MDAxOTk0ODN9.9PPkLM7Fhivy9XksAz8JSfr7eUVjVdZFWy820bCvHg0', '2020-10-16 19:51:23', 1),
	(37, 31, '2020-09-15 21:55:18', 'eyJhbGciOiJIUzI1NiIsInR5cCI6IkpXVCJ9.eyJhZG1pbmlzdHJhdG9ySWQiOjMxLCJ1c2VybmFtZSI6ImFkbWluIiwiZXhwIjoxNjAyODc4MTE4LjgyOCwiaXAiOiI6OjEiLCJ1YSI6Ik1vemlsbGEvNS4wIChXaW5kb3dzIE5UIDEwLjA7IFdpbjY0OyB4NjQpIEFwcGxlV2ViS2l0LzUzNy4zNiAoS0hUTUwsIGxpa2UgR2Vja28pIENocm9tZS84NS4wLjQxODMuMTAyIFNhZmFyaS81MzcuMzYiLCJpYXQiOjE2MDAxOTk3MTh9.lpTb_NmbW-lRA987Fn_JjaPtGK_gLhsjTs9KO6X48wo', '2020-10-16 19:55:18', 1),
	(38, 31, '2020-09-15 21:56:11', 'eyJhbGciOiJIUzI1NiIsInR5cCI6IkpXVCJ9.eyJhZG1pbmlzdHJhdG9ySWQiOjMxLCJ1c2VybmFtZSI6ImFkbWluIiwiZXhwIjoxNjAyODc4MTcxLjM3NywiaXAiOiI6OjEiLCJ1YSI6Ik1vemlsbGEvNS4wIChXaW5kb3dzIE5UIDEwLjA7IFdpbjY0OyB4NjQpIEFwcGxlV2ViS2l0LzUzNy4zNiAoS0hUTUwsIGxpa2UgR2Vja28pIENocm9tZS84NS4wLjQxODMuMTAyIFNhZmFyaS81MzcuMzYiLCJpYXQiOjE2MDAxOTk3NzF9.gcbvEG-57SrCRwnMDd3QNxSBZIy6UEBvUIGnu_WS_D4', '2020-10-16 19:56:11', 1),
	(39, 31, '2020-09-15 21:56:55', 'eyJhbGciOiJIUzI1NiIsInR5cCI6IkpXVCJ9.eyJhZG1pbmlzdHJhdG9ySWQiOjMxLCJ1c2VybmFtZSI6ImFkbWluIiwiZXhwIjoxNjAyODc4MjE1Ljg3MywiaXAiOiI6OjEiLCJ1YSI6Ik1vemlsbGEvNS4wIChXaW5kb3dzIE5UIDEwLjA7IFdpbjY0OyB4NjQpIEFwcGxlV2ViS2l0LzUzNy4zNiAoS0hUTUwsIGxpa2UgR2Vja28pIENocm9tZS84NS4wLjQxODMuMTAyIFNhZmFyaS81MzcuMzYiLCJpYXQiOjE2MDAxOTk4MTV9.iG8ZKptTw0zTKIw7fixe_YumBN_pqLwH3qpUjUgCclA', '2020-10-16 19:56:55', 1),
	(40, 31, '2020-09-15 21:57:11', 'eyJhbGciOiJIUzI1NiIsInR5cCI6IkpXVCJ9.eyJhZG1pbmlzdHJhdG9ySWQiOjMxLCJ1c2VybmFtZSI6ImFkbWluIiwiZXhwIjoxNjAyODc4MjMxLjY0NywiaXAiOiI6OjEiLCJ1YSI6Ik1vemlsbGEvNS4wIChXaW5kb3dzIE5UIDEwLjA7IFdpbjY0OyB4NjQpIEFwcGxlV2ViS2l0LzUzNy4zNiAoS0hUTUwsIGxpa2UgR2Vja28pIENocm9tZS84NS4wLjQxODMuMTAyIFNhZmFyaS81MzcuMzYiLCJpYXQiOjE2MDAxOTk4MzF9.EQvWXwrtbRGsuvkYaxYXVZts1rx3H4kUkVtln4s-EsY', '2020-10-16 19:57:11', 1),
	(41, 31, '2020-09-15 21:57:25', 'eyJhbGciOiJIUzI1NiIsInR5cCI6IkpXVCJ9.eyJhZG1pbmlzdHJhdG9ySWQiOjMxLCJ1c2VybmFtZSI6ImFkbWluIiwiZXhwIjoxNjAyODc4MjQ1LjE2MywiaXAiOiI6OjEiLCJ1YSI6Ik1vemlsbGEvNS4wIChXaW5kb3dzIE5UIDEwLjA7IFdpbjY0OyB4NjQpIEFwcGxlV2ViS2l0LzUzNy4zNiAoS0hUTUwsIGxpa2UgR2Vja28pIENocm9tZS84NS4wLjQxODMuMTAyIFNhZmFyaS81MzcuMzYiLCJpYXQiOjE2MDAxOTk4NDV9.WMQqAn8RAc3yg8-ry4x1EmAVYMJ7f0i63D1pO3OuLOY', '2020-10-16 19:57:25', 1),
	(42, 31, '2020-09-15 21:57:52', 'eyJhbGciOiJIUzI1NiIsInR5cCI6IkpXVCJ9.eyJhZG1pbmlzdHJhdG9ySWQiOjMxLCJ1c2VybmFtZSI6ImFkbWluIiwiZXhwIjoxNjAyODc4MjcyLjM2NiwiaXAiOiI6OjEiLCJ1YSI6Ik1vemlsbGEvNS4wIChXaW5kb3dzIE5UIDEwLjA7IFdpbjY0OyB4NjQpIEFwcGxlV2ViS2l0LzUzNy4zNiAoS0hUTUwsIGxpa2UgR2Vja28pIENocm9tZS84NS4wLjQxODMuMTAyIFNhZmFyaS81MzcuMzYiLCJpYXQiOjE2MDAxOTk4NzJ9.DGp0Rl9yqRDDlP_2C6HiMXwLFVn7O_P26xiYim2Qs9w', '2020-10-16 19:57:52', 1),
	(43, 31, '2020-09-15 22:06:23', 'eyJhbGciOiJIUzI1NiIsInR5cCI6IkpXVCJ9.eyJhZG1pbmlzdHJhdG9ySWQiOjMxLCJ1c2VybmFtZSI6ImFkbWluIiwiZXhwIjoxNjAyODc4NzgzLjQ0OCwiaXAiOiI6OjEiLCJ1YSI6Ik1vemlsbGEvNS4wIChXaW5kb3dzIE5UIDEwLjA7IFdpbjY0OyB4NjQpIEFwcGxlV2ViS2l0LzUzNy4zNiAoS0hUTUwsIGxpa2UgR2Vja28pIENocm9tZS84NS4wLjQxODMuMTAyIFNhZmFyaS81MzcuMzYiLCJpYXQiOjE2MDAyMDAzODN9.j4mMAG4UZyIe-ijBDL3EaUWEzCEb9p-iKvIXSGBAJnc', '2020-10-16 20:06:23', 1),
	(44, 31, '2020-09-15 22:09:50', 'eyJhbGciOiJIUzI1NiIsInR5cCI6IkpXVCJ9.eyJhZG1pbmlzdHJhdG9ySWQiOjMxLCJ1c2VybmFtZSI6ImFkbWluIiwiZXhwIjoxNjAyODc4OTkwLjA4NCwiaXAiOiI6OjEiLCJ1YSI6Ik1vemlsbGEvNS4wIChXaW5kb3dzIE5UIDEwLjA7IFdpbjY0OyB4NjQpIEFwcGxlV2ViS2l0LzUzNy4zNiAoS0hUTUwsIGxpa2UgR2Vja28pIENocm9tZS84NS4wLjQxODMuMTAyIFNhZmFyaS81MzcuMzYiLCJpYXQiOjE2MDAyMDA1OTB9.sDIimrHUY31MTtQLVgApxkZpV1zVSxvrZz9Bv9f8ATY', '2020-10-16 20:09:50', 1),
	(45, 31, '2020-09-15 22:10:38', 'eyJhbGciOiJIUzI1NiIsInR5cCI6IkpXVCJ9.eyJhZG1pbmlzdHJhdG9ySWQiOjMxLCJ1c2VybmFtZSI6ImFkbWluIiwiZXhwIjoxNjAyODc5MDM4Ljk4NSwiaXAiOiI6OjEiLCJ1YSI6Ik1vemlsbGEvNS4wIChXaW5kb3dzIE5UIDEwLjA7IFdpbjY0OyB4NjQpIEFwcGxlV2ViS2l0LzUzNy4zNiAoS0hUTUwsIGxpa2UgR2Vja28pIENocm9tZS84NS4wLjQxODMuMTAyIFNhZmFyaS81MzcuMzYiLCJpYXQiOjE2MDAyMDA2Mzh9.Zm0WcNU4BcxpyEXaZywW6zeznOCLNlu2yU20B5R9S5U', '2020-10-16 20:10:38', 1),
	(46, 31, '2020-09-15 22:11:52', 'eyJhbGciOiJIUzI1NiIsInR5cCI6IkpXVCJ9.eyJhZG1pbmlzdHJhdG9ySWQiOjMxLCJ1c2VybmFtZSI6ImFkbWluIiwiZXhwIjoxNjAyODc5MTEyLjE1LCJpcCI6Ijo6MSIsInVhIjoiTW96aWxsYS81LjAgKFdpbmRvd3MgTlQgMTAuMDsgV2luNjQ7IHg2NCkgQXBwbGVXZWJLaXQvNTM3LjM2IChLSFRNTCwgbGlrZSBHZWNrbykgQ2hyb21lLzg1LjAuNDE4My4xMDIgU2FmYXJpLzUzNy4zNiIsImlhdCI6MTYwMDIwMDcxMn0.ghARV_2NIuTIWSks52UfiTHpaX26uhwaWsI3k37KwTY', '2020-10-16 20:11:52', 1),
	(47, 31, '2020-09-15 22:16:17', 'eyJhbGciOiJIUzI1NiIsInR5cCI6IkpXVCJ9.eyJhZG1pbmlzdHJhdG9ySWQiOjMxLCJ1c2VybmFtZSI6ImFkbWluIiwiZXhwIjoxNjAyODc5Mzc3LjQxMiwiaXAiOiI6OjEiLCJ1YSI6Ik1vemlsbGEvNS4wIChXaW5kb3dzIE5UIDEwLjA7IFdpbjY0OyB4NjQpIEFwcGxlV2ViS2l0LzUzNy4zNiAoS0hUTUwsIGxpa2UgR2Vja28pIENocm9tZS84NS4wLjQxODMuMTAyIFNhZmFyaS81MzcuMzYiLCJpYXQiOjE2MDAyMDA5Nzd9.kogLCMFZW76aVjUS10dUulnKzos3iEIzpvJW-qrYMwE', '2020-10-16 20:16:17', 1),
	(48, 31, '2020-09-15 22:26:16', 'eyJhbGciOiJIUzI1NiIsInR5cCI6IkpXVCJ9.eyJhZG1pbmlzdHJhdG9ySWQiOjMxLCJ1c2VybmFtZSI6ImFkbWluIiwiZXhwIjoxNjAyODc5OTc2LjM4NCwiaXAiOiI6OjEiLCJ1YSI6Ik1vemlsbGEvNS4wIChXaW5kb3dzIE5UIDEwLjA7IFdpbjY0OyB4NjQpIEFwcGxlV2ViS2l0LzUzNy4zNiAoS0hUTUwsIGxpa2UgR2Vja28pIENocm9tZS84NS4wLjQxODMuMTAyIFNhZmFyaS81MzcuMzYiLCJpYXQiOjE2MDAyMDE1NzZ9.dgHe7YFztgblZV-IJ8yzNd_jK6FQ5uedWpiaeTc94tY', '2020-10-16 20:26:16', 1),
	(49, 31, '2020-09-15 22:40:17', 'eyJhbGciOiJIUzI1NiIsInR5cCI6IkpXVCJ9.eyJhZG1pbmlzdHJhdG9ySWQiOjMxLCJ1c2VybmFtZSI6ImFkbWluIiwiZXhwIjoxNjAyODgwODE3LjQ2OSwiaXAiOiI6OjEiLCJ1YSI6Ik1vemlsbGEvNS4wIChXaW5kb3dzIE5UIDEwLjA7IFdpbjY0OyB4NjQpIEFwcGxlV2ViS2l0LzUzNy4zNiAoS0hUTUwsIGxpa2UgR2Vja28pIENocm9tZS84NS4wLjQxODMuMTAyIFNhZmFyaS81MzcuMzYiLCJpYXQiOjE2MDAyMDI0MTd9.WGHvQhT7WUSMYM0d45CQAcunWsyVOYadhCo0ORgzSuI', '2020-10-16 20:40:17', 1),
	(50, 31, '2020-09-15 22:42:18', 'eyJhbGciOiJIUzI1NiIsInR5cCI6IkpXVCJ9.eyJhZG1pbmlzdHJhdG9ySWQiOjMxLCJ1c2VybmFtZSI6ImFkbWluIiwiZXhwIjoxNjAyODgwOTM4LjkxMSwiaXAiOiI6OjEiLCJ1YSI6Ik1vemlsbGEvNS4wIChXaW5kb3dzIE5UIDEwLjA7IFdpbjY0OyB4NjQpIEFwcGxlV2ViS2l0LzUzNy4zNiAoS0hUTUwsIGxpa2UgR2Vja28pIENocm9tZS84NS4wLjQxODMuMTAyIFNhZmFyaS81MzcuMzYiLCJpYXQiOjE2MDAyMDI1Mzh9._eYgRzc7ev9bknUAYxWSZfedFDLNHSFK9ZwUWz1RylI', '2020-10-16 20:42:18', 1),
	(51, 31, '2020-09-15 22:51:49', 'eyJhbGciOiJIUzI1NiIsInR5cCI6IkpXVCJ9.eyJhZG1pbmlzdHJhdG9ySWQiOjMxLCJ1c2VybmFtZSI6ImFkbWluIiwiZXhwIjoxNjAyODgxNTA5LjcyNywiaXAiOiI6OjEiLCJ1YSI6Ik1vemlsbGEvNS4wIChXaW5kb3dzIE5UIDEwLjA7IFdpbjY0OyB4NjQpIEFwcGxlV2ViS2l0LzUzNy4zNiAoS0hUTUwsIGxpa2UgR2Vja28pIENocm9tZS84NS4wLjQxODMuMTAyIFNhZmFyaS81MzcuMzYiLCJpYXQiOjE2MDAyMDMxMDl9.TfSiAaMs0DVh82jaTy_8MOm2oFb-LA5EUOetRcea19A', '2020-10-16 20:51:49', 1),
	(52, 31, '2020-09-15 22:52:41', 'eyJhbGciOiJIUzI1NiIsInR5cCI6IkpXVCJ9.eyJhZG1pbmlzdHJhdG9ySWQiOjMxLCJ1c2VybmFtZSI6ImFkbWluIiwiZXhwIjoxNjAyODgxNTYxLjgxNCwiaXAiOiI6OjEiLCJ1YSI6Ik1vemlsbGEvNS4wIChXaW5kb3dzIE5UIDEwLjA7IFdpbjY0OyB4NjQpIEFwcGxlV2ViS2l0LzUzNy4zNiAoS0hUTUwsIGxpa2UgR2Vja28pIENocm9tZS84NS4wLjQxODMuMTAyIFNhZmFyaS81MzcuMzYiLCJpYXQiOjE2MDAyMDMxNjF9.D-mpQmQawZtzTYv8mXqDD7KZgtkcS-PF67i_qFV_A_Q', '2020-10-16 20:52:41', 1),
	(53, 31, '2020-09-15 22:55:49', 'eyJhbGciOiJIUzI1NiIsInR5cCI6IkpXVCJ9.eyJhZG1pbmlzdHJhdG9ySWQiOjMxLCJ1c2VybmFtZSI6ImFkbWluIiwiZXhwIjoxNjAyODgxNzQ5LjA4MywiaXAiOiI6OjEiLCJ1YSI6IlBvc3RtYW5SdW50aW1lLzcuMjYuNSIsImlhdCI6MTYwMDIwMzM0OX0.bd1axGWkxbLl2RClhsCAky3y29SGYuezNr8U3tjOBT8', '2020-10-16 20:55:49', 1),
	(54, 31, '2020-09-15 22:58:09', 'eyJhbGciOiJIUzI1NiIsInR5cCI6IkpXVCJ9.eyJhZG1pbmlzdHJhdG9ySWQiOjMxLCJ1c2VybmFtZSI6ImFkbWluIiwiZXhwIjoxNjAyODgxODg5LjMzOSwiaXAiOiI6OjEiLCJ1YSI6Ik1vemlsbGEvNS4wIChXaW5kb3dzIE5UIDEwLjA7IFdpbjY0OyB4NjQpIEFwcGxlV2ViS2l0LzUzNy4zNiAoS0hUTUwsIGxpa2UgR2Vja28pIENocm9tZS84NS4wLjQxODMuMTAyIFNhZmFyaS81MzcuMzYiLCJpYXQiOjE2MDAyMDM0ODl9.x7S2jstgtTk3oqBnGoedHlXmF4jIUqVZCqBZSwYJjk4', '2020-10-16 20:58:09', 1),
	(55, 31, '2020-09-16 15:34:46', 'eyJhbGciOiJIUzI1NiIsInR5cCI6IkpXVCJ9.eyJhZG1pbmlzdHJhdG9ySWQiOjMxLCJ1c2VybmFtZSI6ImFkbWluIiwiZXhwIjoxNjAyOTQxNjg2LjQyMiwiaXAiOiI6OjEiLCJ1YSI6Ik1vemlsbGEvNS4wIChXaW5kb3dzIE5UIDEwLjA7IFdpbjY0OyB4NjQpIEFwcGxlV2ViS2l0LzUzNy4zNiAoS0hUTUwsIGxpa2UgR2Vja28pIENocm9tZS84NS4wLjQxODMuMTAyIFNhZmFyaS81MzcuMzYiLCJpYXQiOjE2MDAyNjMyODZ9.wXXX8rziIxBgpVuTg4LhPtW32-lNJsJUp82ksATQtKY', '2020-10-17 13:34:46', 1),
	(56, 31, '2020-09-16 15:51:09', 'eyJhbGciOiJIUzI1NiIsInR5cCI6IkpXVCJ9.eyJhZG1pbmlzdHJhdG9ySWQiOjMxLCJ1c2VybmFtZSI6ImFkbWluIiwiZXhwIjoxNjAyOTQyNjY5LjEyNiwiaXAiOiI6OjEiLCJ1YSI6Ik1vemlsbGEvNS4wIChXaW5kb3dzIE5UIDEwLjA7IFdpbjY0OyB4NjQpIEFwcGxlV2ViS2l0LzUzNy4zNiAoS0hUTUwsIGxpa2UgR2Vja28pIENocm9tZS84NS4wLjQxODMuMTAyIFNhZmFyaS81MzcuMzYiLCJpYXQiOjE2MDAyNjQyNjl9.BtjdUo-frTVnlkbZlzZTwaNUPr0aKoIQgwBfUUrLOis', '2020-10-17 13:51:09', 1),
	(57, 31, '2020-09-16 15:57:26', 'eyJhbGciOiJIUzI1NiIsInR5cCI6IkpXVCJ9.eyJhZG1pbmlzdHJhdG9ySWQiOjMxLCJ1c2VybmFtZSI6ImFkbWluIiwiZXhwIjoxNjAyOTQzMDQ2LjQxLCJpcCI6Ijo6MSIsInVhIjoiTW96aWxsYS81LjAgKFdpbmRvd3MgTlQgMTAuMDsgV2luNjQ7IHg2NCkgQXBwbGVXZWJLaXQvNTM3LjM2IChLSFRNTCwgbGlrZSBHZWNrbykgQ2hyb21lLzg1LjAuNDE4My4xMDIgU2FmYXJpLzUzNy4zNiIsImlhdCI6MTYwMDI2NDY0Nn0.BCVSC-0C2RS5f7fF-Qe7pZG7SD406IVvUo3vkx2IZ2M', '2020-10-17 13:57:26', 1),
	(58, 31, '2020-09-16 15:59:09', 'eyJhbGciOiJIUzI1NiIsInR5cCI6IkpXVCJ9.eyJhZG1pbmlzdHJhdG9ySWQiOjMxLCJ1c2VybmFtZSI6ImFkbWluIiwiZXhwIjoxNjAyOTQzMTQ5LjA0OSwiaXAiOiI6OjEiLCJ1YSI6Ik1vemlsbGEvNS4wIChXaW5kb3dzIE5UIDEwLjA7IFdpbjY0OyB4NjQpIEFwcGxlV2ViS2l0LzUzNy4zNiAoS0hUTUwsIGxpa2UgR2Vja28pIENocm9tZS84NS4wLjQxODMuMTAyIFNhZmFyaS81MzcuMzYiLCJpYXQiOjE2MDAyNjQ3NDl9.iBUdPPbwsQrPZs2zym9roufKSulEeChNz5rVsLLSf5Q', '2020-10-17 13:59:09', 1),
	(59, 31, '2020-09-16 16:02:52', 'eyJhbGciOiJIUzI1NiIsInR5cCI6IkpXVCJ9.eyJhZG1pbmlzdHJhdG9ySWQiOjMxLCJ1c2VybmFtZSI6ImFkbWluIiwiZXhwIjoxNjAyOTQzMzcyLjgyNCwiaXAiOiI6OjEiLCJ1YSI6Ik1vemlsbGEvNS4wIChXaW5kb3dzIE5UIDEwLjA7IFdpbjY0OyB4NjQpIEFwcGxlV2ViS2l0LzUzNy4zNiAoS0hUTUwsIGxpa2UgR2Vja28pIENocm9tZS84NS4wLjQxODMuMTAyIFNhZmFyaS81MzcuMzYiLCJpYXQiOjE2MDAyNjQ5NzJ9.XvDDF5PpdmRMtYGe1YyqErxIXgq9BXbFe9QVwSKdZ6E', '2020-10-17 14:02:52', 1),
	(60, 31, '2020-09-16 16:03:11', 'eyJhbGciOiJIUzI1NiIsInR5cCI6IkpXVCJ9.eyJhZG1pbmlzdHJhdG9ySWQiOjMxLCJ1c2VybmFtZSI6ImFkbWluIiwiZXhwIjoxNjAyOTQzMzkxLjU0LCJpcCI6Ijo6MSIsInVhIjoiTW96aWxsYS81LjAgKFdpbmRvd3MgTlQgMTAuMDsgV2luNjQ7IHg2NCkgQXBwbGVXZWJLaXQvNTM3LjM2IChLSFRNTCwgbGlrZSBHZWNrbykgQ2hyb21lLzg1LjAuNDE4My4xMDIgU2FmYXJpLzUzNy4zNiIsImlhdCI6MTYwMDI2NDk5MX0.dhlZt-pE9SSao5Di10CG3w9cVO3CHBZ1w8FxOCm1ERY', '2020-10-17 14:03:11', 1),
	(61, 31, '2020-09-16 16:04:45', 'eyJhbGciOiJIUzI1NiIsInR5cCI6IkpXVCJ9.eyJhZG1pbmlzdHJhdG9ySWQiOjMxLCJ1c2VybmFtZSI6ImFkbWluIiwiZXhwIjoxNjAyOTQzNDg1LjEyNywiaXAiOiI6OjEiLCJ1YSI6Ik1vemlsbGEvNS4wIChXaW5kb3dzIE5UIDEwLjA7IFdpbjY0OyB4NjQpIEFwcGxlV2ViS2l0LzUzNy4zNiAoS0hUTUwsIGxpa2UgR2Vja28pIENocm9tZS84NS4wLjQxODMuMTAyIFNhZmFyaS81MzcuMzYiLCJpYXQiOjE2MDAyNjUwODV9.bs8HjWuwQa1RIJzi3LBC1FiUrhxH3K0W-R9wH0YJJSM', '2020-10-17 14:04:45', 1),
	(62, 31, '2020-09-16 18:23:29', 'eyJhbGciOiJIUzI1NiIsInR5cCI6IkpXVCJ9.eyJhZG1pbmlzdHJhdG9ySWQiOjMxLCJ1c2VybmFtZSI6ImFkbWluIiwiZXhwIjoxNjAyOTUxODA5LjcyNSwiaXAiOiI6OjEiLCJ1YSI6Ik1vemlsbGEvNS4wIChXaW5kb3dzIE5UIDEwLjA7IFdpbjY0OyB4NjQpIEFwcGxlV2ViS2l0LzUzNy4zNiAoS0hUTUwsIGxpa2UgR2Vja28pIENocm9tZS84NS4wLjQxODMuMTAyIFNhZmFyaS81MzcuMzYiLCJpYXQiOjE2MDAyNzM0MDl9.tXHf9yv-Yu7mt4PD5xC0pJgGjJVSgQD0UEKeLrVzVNM', '2020-10-17 16:23:29', 1),
	(63, 31, '2020-09-17 12:32:16', 'eyJhbGciOiJIUzI1NiIsInR5cCI6IkpXVCJ9.eyJhZG1pbmlzdHJhdG9ySWQiOjMxLCJ1c2VybmFtZSI6ImFkbWluIiwiZXhwIjoxNjAzMDE3MTM2Ljc5NSwiaXAiOiI6OjEiLCJ1YSI6Ik1vemlsbGEvNS4wIChXaW5kb3dzIE5UIDEwLjA7IFdpbjY0OyB4NjQpIEFwcGxlV2ViS2l0LzUzNy4zNiAoS0hUTUwsIGxpa2UgR2Vja28pIENocm9tZS84NS4wLjQxODMuMTAyIFNhZmFyaS81MzcuMzYiLCJpYXQiOjE2MDAzMzg3MzZ9._nXvdPfNkIfarqdzZwwp2MOkhkkb6L199rXb7PMab-A', '2020-10-18 10:32:16', 1),
	(64, 31, '2020-09-17 13:37:24', 'eyJhbGciOiJIUzI1NiIsInR5cCI6IkpXVCJ9.eyJhZG1pbmlzdHJhdG9ySWQiOjMxLCJ1c2VybmFtZSI6ImFkbWluIiwiZXhwIjoxNjAzMDIxMDQ0LjU4OSwiaXAiOiI6OjEiLCJ1YSI6Ik1vemlsbGEvNS4wIChXaW5kb3dzIE5UIDEwLjA7IFdpbjY0OyB4NjQpIEFwcGxlV2ViS2l0LzUzNy4zNiAoS0hUTUwsIGxpa2UgR2Vja28pIENocm9tZS84NS4wLjQxODMuMTAyIFNhZmFyaS81MzcuMzYiLCJpYXQiOjE2MDAzNDI2NDR9.5SOIe8H9GM8kC9Nk7Yo1-xFrH0H6RIgjtF9nI-nUpCg', '2020-10-18 11:37:24', 1),
	(65, 31, '2020-09-17 13:40:33', 'eyJhbGciOiJIUzI1NiIsInR5cCI6IkpXVCJ9.eyJhZG1pbmlzdHJhdG9ySWQiOjMxLCJ1c2VybmFtZSI6ImFkbWluIiwiZXhwIjoxNjAzMDIxMjMzLjkzNCwiaXAiOiI6OjEiLCJ1YSI6Ik1vemlsbGEvNS4wIChXaW5kb3dzIE5UIDEwLjA7IFdpbjY0OyB4NjQpIEFwcGxlV2ViS2l0LzUzNy4zNiAoS0hUTUwsIGxpa2UgR2Vja28pIENocm9tZS84NS4wLjQxODMuMTAyIFNhZmFyaS81MzcuMzYiLCJpYXQiOjE2MDAzNDI4MzN9.O00OcS4QmfsOW5c4WJXiXn88r0fUZpD9pSa4wV-1Zw4', '2020-10-18 11:40:33', 1),
	(66, 31, '2020-09-17 15:00:47', 'eyJhbGciOiJIUzI1NiIsInR5cCI6IkpXVCJ9.eyJhZG1pbmlzdHJhdG9ySWQiOjMxLCJ1c2VybmFtZSI6ImFkbWluIiwiZXhwIjoxNjAzMDI2MDQ3LjgxNywiaXAiOiI6OjEiLCJ1YSI6Ik1vemlsbGEvNS4wIChXaW5kb3dzIE5UIDEwLjA7IFdpbjY0OyB4NjQpIEFwcGxlV2ViS2l0LzUzNy4zNiAoS0hUTUwsIGxpa2UgR2Vja28pIENocm9tZS84NS4wLjQxODMuMTAyIFNhZmFyaS81MzcuMzYiLCJpYXQiOjE2MDAzNDc2NDd9.9CeZ04yUc2zp1jHER1AsbNllEqYHgjXsD7qWbhrAQUc', '2020-10-18 13:00:47', 1),
	(67, 31, '2020-09-17 15:53:38', 'eyJhbGciOiJIUzI1NiIsInR5cCI6IkpXVCJ9.eyJhZG1pbmlzdHJhdG9ySWQiOjMxLCJ1c2VybmFtZSI6ImFkbWluIiwiZXhwIjoxNjAzMDI5MjE4LjkxNCwiaXAiOiI6OjEiLCJ1YSI6Ik1vemlsbGEvNS4wIChXaW5kb3dzIE5UIDEwLjA7IFdpbjY0OyB4NjQpIEFwcGxlV2ViS2l0LzUzNy4zNiAoS0hUTUwsIGxpa2UgR2Vja28pIENocm9tZS84NS4wLjQxODMuMTAyIFNhZmFyaS81MzcuMzYiLCJpYXQiOjE2MDAzNTA4MTh9.eq30UstHQ7DKex98maAzrpEa2pQzyLxDP-0la6PUo1g', '2020-10-18 13:53:38', 1),
	(68, 31, '2020-09-17 15:57:32', 'eyJhbGciOiJIUzI1NiIsInR5cCI6IkpXVCJ9.eyJhZG1pbmlzdHJhdG9ySWQiOjMxLCJ1c2VybmFtZSI6ImFkbWluIiwiZXhwIjoxNjAzMDI5NDUyLjY1OSwiaXAiOiI6OjEiLCJ1YSI6Ik1vemlsbGEvNS4wIChXaW5kb3dzIE5UIDEwLjA7IFdpbjY0OyB4NjQpIEFwcGxlV2ViS2l0LzUzNy4zNiAoS0hUTUwsIGxpa2UgR2Vja28pIENocm9tZS84NS4wLjQxODMuMTAyIFNhZmFyaS81MzcuMzYiLCJpYXQiOjE2MDAzNTEwNTJ9.Hl-HFMA846ak32vqxjSfmy9QQQgtLzs2HrrPbrGSYSA', '2020-10-18 13:57:32', 1),
	(69, 31, '2020-09-17 16:37:36', 'eyJhbGciOiJIUzI1NiIsInR5cCI6IkpXVCJ9.eyJhZG1pbmlzdHJhdG9ySWQiOjMxLCJ1c2VybmFtZSI6ImFkbWluIiwiZXhwIjoxNjAzMDMxODU2LjM0MSwiaXAiOiI6OjEiLCJ1YSI6Ik1vemlsbGEvNS4wIChXaW5kb3dzIE5UIDEwLjA7IFdpbjY0OyB4NjQpIEFwcGxlV2ViS2l0LzUzNy4zNiAoS0hUTUwsIGxpa2UgR2Vja28pIENocm9tZS84NS4wLjQxODMuMTAyIFNhZmFyaS81MzcuMzYiLCJpYXQiOjE2MDAzNTM0NTZ9.4pw7_gOYBEAnlznxgwVlNwZt7NafRgIFPOQ0Lmi8cMY', '2020-10-18 14:37:36', 1),
	(70, 31, '2020-09-17 17:44:25', 'eyJhbGciOiJIUzI1NiIsInR5cCI6IkpXVCJ9.eyJhZG1pbmlzdHJhdG9ySWQiOjMxLCJ1c2VybmFtZSI6ImFkbWluIiwiZXhwIjoxNjAzMDM1ODY1LjI0MiwiaXAiOiI6OjEiLCJ1YSI6Ik1vemlsbGEvNS4wIChXaW5kb3dzIE5UIDEwLjA7IFdpbjY0OyB4NjQpIEFwcGxlV2ViS2l0LzUzNy4zNiAoS0hUTUwsIGxpa2UgR2Vja28pIENocm9tZS84NS4wLjQxODMuMTAyIFNhZmFyaS81MzcuMzYiLCJpYXQiOjE2MDAzNTc0NjV9.vWPZC-xS5APT711CBcd9LhNXn7ZX6uU7i41JUDgXUUw', '2020-10-18 15:44:25', 1),
	(71, 31, '2020-09-17 17:49:57', 'eyJhbGciOiJIUzI1NiIsInR5cCI6IkpXVCJ9.eyJhZG1pbmlzdHJhdG9ySWQiOjMxLCJ1c2VybmFtZSI6ImFkbWluIiwiZXhwIjoxNjAzMDM2MTk3LjU3NSwiaXAiOiI6OjEiLCJ1YSI6Ik1vemlsbGEvNS4wIChXaW5kb3dzIE5UIDEwLjA7IFdpbjY0OyB4NjQpIEFwcGxlV2ViS2l0LzUzNy4zNiAoS0hUTUwsIGxpa2UgR2Vja28pIENocm9tZS84NS4wLjQxODMuMTAyIFNhZmFyaS81MzcuMzYiLCJpYXQiOjE2MDAzNTc3OTd9.kbebliNxN8_lQdFyhJ2UV6Loab2wYwHlsHQHam0Wibk', '2020-10-18 15:49:57', 1),
	(72, 31, '2020-09-17 18:09:47', 'eyJhbGciOiJIUzI1NiIsInR5cCI6IkpXVCJ9.eyJhZG1pbmlzdHJhdG9ySWQiOjMxLCJ1c2VybmFtZSI6ImFkbWluIiwiZXhwIjoxNjAzMDM3Mzg3LjE3NywiaXAiOiI6OjEiLCJ1YSI6Ik1vemlsbGEvNS4wIChXaW5kb3dzIE5UIDEwLjA7IFdpbjY0OyB4NjQpIEFwcGxlV2ViS2l0LzUzNy4zNiAoS0hUTUwsIGxpa2UgR2Vja28pIENocm9tZS84NS4wLjQxODMuMTAyIFNhZmFyaS81MzcuMzYiLCJpYXQiOjE2MDAzNTg5ODd9.m7CBDJiadc0GsuliLxq7j3X8gh64o29Q8q0oLlBfuOQ', '2020-10-18 16:09:47', 1);
/*!40000 ALTER TABLE `user_token` ENABLE KEYS */;

/*!40101 SET SQL_MODE=IFNULL(@OLD_SQL_MODE, '') */;
/*!40014 SET FOREIGN_KEY_CHECKS=IF(@OLD_FOREIGN_KEY_CHECKS IS NULL, 1, @OLD_FOREIGN_KEY_CHECKS) */;
/*!40101 SET CHARACTER_SET_CLIENT=@OLD_CHARACTER_SET_CLIENT */;
